pair,order,tree,throughput,exit
1,1,A,163290,0
1,2,B,158552,0
2,1,B,161283,0
2,2,A,160275,0
3,1,A,142085,0
3,2,B,163366,0
4,1,B,157724,0
4,2,A,150898,0
5,1,A,161598,0
5,2,B,161189,0
6,1,B,144367,0
6,2,A,143984,0
7,1,A,147889,0
7,2,B,161987,0
8,1,B,155256,0
8,2,A,154253,0
9,1,A,157474,0
9,2,B,155882,0
10,1,B,164440,0
10,2,A,159938,0
11,1,A,161194,0
11,2,B,156392,0
12,1,B,140275,0
12,2,A,161774,0
13,1,A,162104,0
13,2,B,154429,0
14,1,B,164352,0
14,2,A,156685,0
15,1,A,149749,0
15,2,B,158254,0
16,1,B,161933,0
16,2,A,153643,0
17,1,A,162026,0
17,2,B,158664,0
18,1,B,146701,0
18,2,A,143767,0
19,1,A,161427,0
19,2,B,146493,0
20,1,B,154564,0
20,2,A,153646,0
21,1,A,153983,0
21,2,B,147601,0
22,1,B,157440,0
22,2,A,162364,0
23,1,A,159927,0
23,2,B,155841,0
24,1,B,163819,0
24,2,A,132305,0
25,1,A,159456,0
25,2,B,161323,0
